time_s,speed_kmph,throttle_pct,soc_pct,batt_temp_c,motor_temp_c,pack_current_a
0,0.0,4.178460560325709,100.0,28.158735967365544,36.19195885611712,10.616817561036253
1,0.4,0.0,99.98797540859054,28.02004075267832,34.469733469174884,7.934855451100124
2,0.8,3.537909778465303,99.97773717843678,28.041478287265,35.53047747723842,14.316285841957335
3,1.2000000000000002,8.541176436622836,99.9655405480574,27.740070775338584,33.606384492594124,15.781784720107218
4,1.6,0.0,99.95683756446616,28.185673535496623,36.62670974626336,11.461144344648934
5,2.0,0.0,99.94595626793206,28.620642390716384,34.06516876178185,9.827476044069948
6,2.4000000000000004,5.552027302569368,99.93778474052641,27.729276629300262,34.66191888095956,15.124102885797319
7,2.8000000000000003,2.0958841808961477,99.92796222469825,28.249301311819234,34.83629048626691,13.571966758777124
8,3.2,5.4112849224121,99.91789685491605,28.8071943778673,33.969729003277784,13.918972574156259
9,3.6,0.9800740664208973,99.90764983509912,28.576712046608346,35.590575577408565,8.515909895131397
10,4.0,4.877393381808944,99.89583242984986,29.014736448175356,35.83390386820148,13.104977907657785
11,4.4,4.110502711928492,99.8855655780233,28.11192883508283,35.492586329018444,17.753819709043103
12,4.800000000000001,11.17224364163237,99.87495789771062,27.516615775802567,34.203752367968924,20.246314165535548
13,5.2,7.049881994283844,99.86541627966808,28.568325901977843,37.78938623485171,14.145210235195655
14,5.6000000000000005,7.910235532598233,99.85514075367168,28.685285407513245,36.41723079650165,18.652870251241744
15,6.0,4.60728183605433,99.84559834561819,29.224210977236336,38.564222043649956,16.29077222366088
16,6.4,4.6730799907486436,99.83683575659519,29.170072867353493,35.186890760113705,16.578461219992345
17,6.800000000000001,5.392764616457453,99.82526357101958,28.880371811506233,37.01188222817698,12.740700092052105
18,7.2,9.972260711891485,99.81331765028052,29.030695107085215,36.89527388739416,17.370635586655503
19,7.6000000000000005,6.33952204034313,99.80159545311975,28.58808927089668,35.887424896902644,14.56112998311347
20,8.0,10.337763173370954,99.79066657725814,28.110442694340396,37.65105090105923,18.788266802498192
21,8.4,19.710337326560527,99.78015171500341,28.814860608690456,35.89658999238622,29.065027416679623
22,8.8,14.13340129493624,99.76703218245495,29.28328673181389,36.0031085805754,23.955275450142036
23,9.200000000000001,8.592104561383017,99.75571471603212,29.156180434914276,32.95457010806162,19.839334520577903
24,9.600000000000001,16.672736277486393,99.74457954197636,29.28090366957968,36.89702805374264,29.320246449103685
25,10.0,9.070734246003354,99.73584924199334,28.68612215647662,35.22449008831759,21.323260194277573
26,10.4,1.3649328796662878,99.72539526295122,28.80322658099079,36.061278804304486,12.746541428744768
27,10.8,6.959568445412981,99.71470220660979,29.2137127440573,35.64778036125497,14.175999228172886
28,11.200000000000001,3.0904848393151667,99.7038789514036,28.734746302745624,36.36976846068173,12.568746846039522
29,11.600000000000001,11.131321468682348,99.69204142290994,28.7861414650335,37.24188023021744,20.4399419719112
30,12.0,13.425425229281092,99.68042514237776,29.228991118188723,36.87114156304876,25.627729665433215
31,12.4,22.159964339154193,99.66837161605636,29.496452371578453,37.631641290505804,30.125975669005076
32,12.8,15.856859091043034,99.65542606990614,29.052235663335296,38.24962953558563,23.2768994081691
33,13.200000000000001,13.571164022622344,99.64218145929586,28.60640526947318,36.677204063322165,21.2982525609162
34,13.600000000000001,19.25813901702856,99.62942319673559,28.856098042478585,36.62943275798389,27.91777658685917
35,14.0,4.49987901051613,99.61532049189495,29.36183604244655,38.12772765366201,19.069865895064204
36,14.4,17.178072790542828,99.60636627160414,29.39176048193298,38.26904728873993,31.395516149759615
37,14.8,20.298770413879282,99.59640302929839,29.452619068827676,38.03459086810305,28.581710537014423
38,15.200000000000001,9.495957659989681,99.58746021656425,29.62864764529788,36.403821193260654,20.50253658570395
39,15.600000000000001,23.05210354936798,99.57492430204752,29.40690527927123,37.84065506550161,27.91985772102224
40,16.0,19.47025981524985,99.56095383490339,29.572528022420155,37.589470604047285,34.59378555949828
41,16.400000000000002,16.145782652718218,99.55061667861814,29.453486588585566,38.59452894134966,21.993617607706327
42,16.8,21.830575997198093,99.53640912884407,30.08636674146472,37.03112791046225,34.33944773310012
43,17.2,30.46457540013309,99.52705014007363,30.26417101560875,35.99938970885008,36.715652461069055
44,17.6,20.464886830848034,99.51272588312213,28.98949435880998,38.41823680038027,28.09380998315747
45,18.0,21.24110293150168,99.50166668789444,29.492374028948873,35.231631616742895,27.262871629543568
46,18.400000000000002,18.147639946743226,99.4920000969654,29.67236224577035,37.12048659610367,35.42825790561598
47,18.8,16.63966704156493,99.480118353389,29.55854264399284,36.89080448868171,27.73620850308713
48,19.200000000000003,25.485012416054563,99.46951409610224,30.624461295665437,36.94606532909425,34.29185124415584
49,19.6,17.497358648233444,99.45872145348582,29.875977639044866,37.28896852904491,30.57808399725039
50,20.0,22.580053408319184,99.44777219627976,29.39731408647483,39.31737356975163,30.111544549765455
51,20.400000000000002,20.278379432841085,99.43394144722335,30.13422116978034,38.982555419006374,30.308241411965888
52,20.8,25.506010239843075,99.42159769437498,30.007487269423095,37.9722693180075,34.733817052310826
53,21.200000000000003,25.2238660819903,99.4105404253895,30.060096459776712,39.41962347185905,32.88265566854784
54,21.6,29.187699721289498,99.3977204894463,30.847938079399597,37.28570284483363,41.26907401458934
55,22.0,21.894362450170707,99.38425250219248,30.1553925878774,37.211716614252836,31.259526725648858
56,22.400000000000002,23.539514212422034,99.37333579783265,29.864169238063,39.33559665924658,28.65221520983114
57,22.8,20.4395147544218,99.36156772197262,29.07436178684495,39.11364322932265,30.00711971297482
58,23.200000000000003,23.556311477397223,99.35147874493684,30.005300490928242,38.13573659841667,34.23258519705947
59,23.6,28.108724687446486,99.34101614172069,30.776984958663594,37.52253910630187,34.52650004829436
60,55.08640257427928,64.99205705464819,99.32495653110186,30.580711478836097,41.112323952266316,70.56714177906309
61,53.672704555738335,55.025511774376696,99.31250805735894,29.515065619076324,37.94007858572433,63.1161732162709
62,55.090926452377,65.56017010316941,99.29754604711954,30.43718270068943,39.15430185822775,77.13002835321183
63,56.67815337930479,69.75391527103008,99.28115368698938,31.23651657014597,40.078921128897036,75.6772888247479
64,52.99074088021278,60.94577549413271,99.26926935153146,30.9877697004842,41.591887034837825,73.64211962700182
65,52.808329607361244,68.05990084874728,99.25419382235717,30.32218449585505,40.21735010029406,73.16473528602508
66,56.243389669210686,58.623709192494005,99.24104362384277,30.541008456838618,40.467606343089614,69.12268769660697
67,54.41921155181787,54.24251709657388,99.22306334280675,30.620933843726057,39.41319264640641,62.93912796496342
68,51.73601180797064,48.590856319890435,99.20865323152941,30.48468329118809,40.52056057951371,61.48213692837789
69,53.542172208939135,66.97152401182274,99.1918520810978,29.858295649264296,40.16157448714726,70.93083118755018
70,51.30402343175832,60.27629876150175,99.1770151975388,31.251355901786305,38.45065616253519,70.71042213428476
71,51.065172462171866,56.46115715897202,99.16568994434057,31.524507565277123,40.87489002735826,65.72356842054104
72,52.23855634864358,59.44268351898086,99.15020357250079,30.184353873247282,41.137550080306156,66.08188263458106
73,47.6785667008397,47.34873998666335,99.1329411019219,31.527104966805755,40.883722049846355,56.91604087536817
74,47.79855965989983,65.33827063130616,99.11803549193475,30.88546679419989,40.1672847154628,76.43189326012141
75,49.86014638255762,56.04626855716238,99.10147209909472,31.610468369822303,39.28962750832709,65.22257763688378
76,48.68873624168362,54.645569797117375,99.08457133073117,31.02930626177048,37.95147835596564,61.34601903829271
77,51.06622144508817,60.36907916959142,99.07197340866944,31.143765617755637,40.5390402487541,64.89442777620644
78,48.33896556717222,56.115007899986026,99.05966902250239,31.25130180699869,41.43211102675601,66.07601225371626
79,47.041965991172404,53.38827122269833,99.044761936355,30.68059632729995,41.35679144881826,62.7065459174252
80,52.504023804201225,54.3854319496637,99.03079616116709,31.784897429227026,41.391193557519884,66.09421240583588
81,48.822246201365225,56.604282009419116,99.01418502097773,30.601643373983087,40.44045640749157,60.66120062873882
82,49.105179522033346,63.97143306241222,98.99713808742432,30.995544320572165,41.6606195596925,67.48140099566194
83,45.81254021108059,57.6299226875311,98.98405649180602,31.439320441987793,41.448538030188324,68.7070837899967
84,47.26111605250869,60.47828430265108,98.97165685928296,30.974319120544898,40.1951999208537,68.82887559296063
85,48.25584985309829,51.06153256573106,98.95549962867581,31.662603368203946,41.374273512208795,62.1005985769172
86,45.41276988677822,45.510609106238455,98.94297226016197,31.94912463489365,40.12642395119405,52.60298016602255
87,48.14388932883117,52.86427576486973,98.92653940799025,31.838431340459383,41.33434091148186,58.97723688267527
88,45.866294083071224,51.24117354263372,98.91298288805945,30.35993675440676,39.47687217819107,63.139973625297486
89,46.15696504517108,56.75647430921149,98.89776872295411,31.425277960487247,39.61249714268221,67.75170542069885
90,45.20778685613988,41.76855113602578,98.88645210567846,31.892458108190294,41.9144406526281,49.19143981896144
91,49.78503613054785,62.96445840902291,98.87123225657996,30.81840111854719,41.9811112061212,66.49046246576937
92,45.72156457107341,50.011698919408836,98.85749897268967,31.80762876218054,41.605258477708034,58.82789313760442
93,43.300384766421104,45.97713327961968,98.84305922712235,31.77323616231597,41.03698036404546,53.043738216851956
94,46.727682087739424,46.85912488785407,98.83115933364563,30.91487028534696,38.710556031608036,54.37230569069307
95,42.307598842106266,38.734159798567006,98.81581320503403,31.901730315501677,40.9443520270567,45.69471286799268
96,44.83398575573371,53.93139264840258,98.79940970079099,31.68885868310097,41.599202739861845,60.706609725027704
97,40.1645392831807,44.9938557061428,98.78762346412135,31.837658983608346,40.52020293093583,50.56390819365179
98,41.09614621574415,39.2125801854549,98.7765638789988,31.073286000353594,40.42039019366408,46.30309068248504
99,43.81626553030577,42.20934561779944,98.76581080534963,31.702312041140278,42.70890835406287,53.42590513999962
100,44.57125353123597,47.84469153825599,98.75089993006385,30.81612952590238,41.27684861454547,57.02440923398986
101,43.11095147206213,56.246164817627104,98.73634038862843,30.53816866831441,41.798123713804245,65.0737581931105
102,42.21329241495521,45.6057014820211,98.72225063617192,31.7636135994882,42.14053023406802,49.980119362559996
103,41.52159474128805,38.6193905025073,98.71027366495385,32.26312272449997,40.39421076573356,49.22947317975274
104,38.84916678398091,41.93702555066018,98.69745450389705,31.829205908892252,41.558682426233624,57.546366423821844
105,40.05247930631439,43.139136936055415,98.68322678081358,31.71906415762264,42.77121887366673,51.404987957250405
106,40.26074437011631,31.24972719653249,98.66961637635231,31.690144105524308,43.3270455144032,45.52617765096614
107,42.990362358499766,47.49559495463291,98.65255708440975,31.383572739655964,41.679647267969685,59.04256898172955
108,41.262032146188396,44.69202973361038,98.64122121776215,31.748000030295174,41.39991741703858,56.601626040129815
109,36.75230935587886,44.316931108376934,98.62662135193018,32.0321268744704,41.8215933488139,53.303991819049294
110,40.63539745290614,54.39522208906688,98.61358322883913,31.69191984539328,41.9626989706147,63.34151511006738
111,38.931474030082434,48.890018514497044,98.60051775666686,32.28926553736912,43.10470228703362,58.99535047765314
112,38.06809019025526,40.95343453639836,98.58566211892125,32.02900886978613,40.74565101654059,52.282703752112816
113,40.37177964554623,39.32490339578746,98.5707721704923,32.1540664035699,41.581280303200366,46.18202412519903
114,40.943420135564715,58.35948805576565,98.55388645041901,32.47848267880895,40.81116127719043,59.75412102409351
115,40.48377314306388,45.27806232903231,98.54265292629337,31.793878880818465,40.95241830849434,49.658453861594204
116,36.68965655763222,40.83593152360053,98.53181670405488,32.36003514145796,42.27726371186809,49.19619655325888
117,37.50391365645783,41.55038973829202,98.51696642469864,31.879320346220876,42.78497525133076,52.52287472519312
118,38.54675321371116,43.82014959685168,98.50296449963605,32.28795854011509,41.40701090266759,49.452236487688815
119,39.60511023100982,43.28387597483564,98.49084457260733,31.841190978146862,42.91024809590559,55.32003420182369
120,36.47362657123014,37.65794171141009,98.48017879002457,31.691752487036087,43.20578745426887,45.91425315985044
121,36.847020301788675,38.206838962452125,98.4694500734527,32.228637677351074,44.09011660748705,46.456609596737195
122,34.80067700557466,38.50365254400297,98.45376432163422,31.239410129073057,42.21376715900829,45.2547364486785
123,34.424815641194556,35.532671301214016,98.44252036640667,32.058238512863475,41.5429799417917,39.6567410921613
124,38.25525359599648,38.94160841549916,98.43017835797134,31.490640301135354,41.345185676274,49.49227983690257
125,39.16495398475325,44.0487666770742,98.41839541248098,32.7270913269281,41.3231554216227,58.21000727712572
126,36.14022203270345,38.880916171455105,98.40600361611604,32.84715862854501,43.63398736238471,48.144783773107086
127,38.132759698500045,49.88969794124682,98.3952987288197,31.950015784767096,40.97888744799935,51.986415367612906
128,36.70027700681059,27.523236521157813,98.38182305648292,32.604660636338906,43.71875679585551,41.6996730531377
129,34.548101123295204,43.84431328549587,98.37135118449898,32.83778937369317,41.618002004446716,47.11067688274678
130,36.43264619830921,46.71114396060949,98.3561104634636,32.89772430422553,41.90777318808987,51.028341217181875
131,38.667763902617864,32.5972309519791,98.34431577172631,32.61724187552509,42.55847746206856,43.09632302516614
132,35.41232718288493,37.633592232803736,98.33080894170531,32.85833724552403,41.95871526592004,47.55786953844057
133,38.5161274415501,40.93849282729893,98.3148706558156,32.243076255663055,43.73746357820608,47.42802774664868
134,30.060891090332788,26.36343162678066,98.30111021787967,32.51247459918333,44.41517068469276,36.27097534979315
135,36.86850383209948,37.075920819933934,98.28753287478665,32.369475854086105,42.198622957409846,49.1799246246491
136,35.333970924761786,33.70708846685062,98.27539289665506,32.24311557697874,42.427781288578224,46.58900161285691
137,34.5079725102045,47.103543895123124,98.26325736942762,32.64565128338788,42.721918368022244,58.3387988835822
138,35.24661151673636,43.84129365099992,98.24894727816822,32.842464360830085,43.49845510899473,57.8506131810277
139,31.056094875866194,40.86454755926657,98.23299273550569,33.21759580711549,42.72819856732013,51.33252498756985
140,34.57110705334569,42.02070149060028,98.21878745493534,32.851144369449635,44.424390622652965,49.88057305993664
141,35.71499256738248,34.03806621878328,98.20514427048873,33.086690155991505,44.2680736935834,46.95139286187204
142,37.95798133890814,39.552933489610176,98.19021447021252,33.156011306708386,42.053277086572145,50.634091761485315
143,33.978186283568405,40.2004131212156,98.17728948137302,34.143439977102005,43.69031375408188,50.475068686264926
144,33.42136670585522,31.024212850934962,98.1669337983261,31.91630429895154,44.72298023848516,42.03529997713407
145,34.0695344868294,41.42003046956127,98.15339385328599,32.51707608388385,42.777305088838,47.213768966553175
146,36.94957639653491,39.853457894248116,98.13710560942481,33.67127167219207,43.114222420102486,46.18839237123969
147,35.83297609307604,37.94031384344761,98.1258730062726,32.7714881039694,42.896952284939324,47.227491690147865
148,34.18357030827249,41.53654462798689,98.11152370244103,33.395655123424945,42.91843149372467,50.51267999158313
149,36.348082430638875,42.608074813695616,98.10009457154709,33.130225998341,41.87199092100812,49.31775356828913
150,35.604912352064694,37.75618289542093,98.08659891618011,34.086674885884975,42.239832419096885,48.59595463257541
151,37.447910651042704,47.40543862909091,98.07576231215076,32.53519144623378,43.75091103826851,61.65623074559884
152,34.21692067740422,32.61348411467186,98.06291203599964,33.68415408642047,45.140105594974905,37.701179269383566
153,35.08652888352714,42.06471012752925,98.04806938258874,33.99108858588916,43.08923505398753,52.41580731142011
154,35.088749059376795,41.953005244705025,98.03580049354201,32.63912179730665,43.109905168832746,50.382230144966954
155,33.08718786892847,35.21580988001723,98.02170039567015,33.5377429398246,45.444136706488585,46.14205214380345
156,36.75769399692762,42.472547330019054,98.00646198969422,32.748616417039386,42.794473358091835,50.037432562019895
157,36.84861491873504,34.68733758333464,97.9903771005116,33.27781001004859,42.29421528485563,44.68141339527322
158,36.5074185442969,45.18393347858661,97.97872322171857,33.159317313073366,43.166707120191404,53.83713184475297
159,36.208151311010695,39.30676855224139,97.96604547424329,32.11174530221531,43.37346006053596,47.782143453389466
160,34.03596460022337,35.20412334209744,97.95507431382869,33.52265659885929,42.273625853311636,40.408867641612936
161,36.22383210186869,45.4937484645941,97.9386337597583,33.445027065331146,44.00867325678145,52.93802010011566
162,36.58692609138659,37.130421648826854,97.9225744883392,34.148343378073676,45.14605413260313,42.77242165275021
163,35.883618440125815,32.828380673877554,97.90903065064552,33.73382610392666,42.940553779488944,45.399007558868135
164,37.38976511104113,33.761037589092844,97.893438741534,34.626288438705,44.409271172284825,38.890147790248136
165,38.752698457925156,46.08860359886726,97.8797897722056,33.58481166790824,44.808516629364526,57.707385709046505
166,41.95706736775322,40.21681697946661,97.86521646841338,33.55659098451514,44.4753277457583,51.853556057734366
167,38.78152187137783,51.864550767008296,97.85434466787845,33.49954450271212,44.699138245882395,60.54811083508389
168,39.20243440272231,33.14861340805062,97.83914859969596,33.40824216052495,44.773400294676875,37.86644800344145
169,38.80042258963401,51.59386249659909,97.82802721697117,32.548130880653225,43.801284720770596,58.04937620093141
170,35.38047515195883,40.366726393745125,97.81271778898623,33.52060981377541,46.05999682657063,52.830166431367445
171,39.44011682312519,43.3387864663427,97.79732811276811,32.68767438912888,45.98096033876997,51.00322860060832
172,39.89485014709554,41.60301584050585,97.7823730180296,33.984439424499314,45.98675690165403,48.02719625193265
173,44.98792480141605,51.98226368444485,97.77146601389875,33.244788725785945,46.01331348458634,58.67338562282196
174,39.96925627630018,44.2221112393204,97.75913308971215,33.372372532600295,43.32409821885599,53.166707378798336
175,41.254772288416454,51.355145286100885,97.74697077557299,33.53411648690997,45.91370554646446,56.78095933562557
176,40.88478448421301,45.998676559102435,97.73420195447714,33.79080424835657,45.682144962075895,58.67734984039244
177,38.923877276458576,44.0002613367078,97.72333079262623,33.8972922866164,43.481192703349976,52.79098193468678
178,43.858058109334074,46.91311461596858,97.70652503893243,34.540110663176556,45.00083138812994,54.6353952707979
179,43.391265752242006,47.92778938388578,97.69229468678796,33.73210393952986,45.52853142189255,53.1164540770503
180,43.78790891209684,50.19224096901234,97.67967673468115,34.29689170179264,46.97795436548754,60.36471437346606
181,40.70861976875634,36.680957779779476,97.66668092482675,35.406062913143124,45.99598245095695,48.87148906170894
182,45.657280045425544,43.989384051055374,97.65298307139454,34.33353455206299,44.605152674084465,51.94633653137534
183,40.374672831694475,48.57706806088521,97.63868942282978,34.0053751980096,47.056628643402796,50.22760193010463
184,44.68079651902748,50.4996566562258,97.62460990561692,33.800636121821256,45.584203658284714,60.56817119751379
185,48.21835960101766,52.656038430478446,97.60751365137529,34.1761096213051,45.440709651127435,61.20809249080329
186,42.18803332156366,46.967762244842135,97.59375228709813,33.769710328018746,45.238522803058096,57.020029963963445
187,43.369091265153926,49.92578771031272,97.57662781044925,34.394867082319195,44.02751749993149,64.48597202219989
188,45.03412383722167,47.33911697314394,97.56028187917443,34.367283926878024,45.641254211300506,56.79762281483231
189,44.1611876966111,45.17646270255633,97.54828132762945,33.25130820499027,46.27232088820399,53.43189185083897
190,42.39994323668946,48.09027431625447,97.53165438513194,34.32672014566731,45.38661496957547,53.51024219739645
191,45.97097022720463,46.18699191992999,97.5201502187508,34.957637709728075,46.34958158406369,55.20652220689976
192,44.040884621052726,50.9755800241865,97.50411976192358,34.22105734321441,45.056835467717406,60.070372992406675
193,47.44302980942479,44.201559544838354,97.49073639471717,34.17519706093559,45.932362980005124,55.00977585955192
194,44.985687483281744,55.129875390274606,97.47421787947157,33.8059349256908,46.36611095110709,68.27143382907735
195,50.25106869091323,58.19750817974658,97.45728417060371,33.6747700095515,46.44719293779082,68.10547697837774
196,45.908967224553294,52.290112254406374,97.44116367136836,34.984309141899935,44.57180392701755,60.60948063391413
197,47.152874433376276,57.30553762347899,97.42503956344405,34.526553951711044,45.82558028213006,63.155323248958034
198,49.74244806987311,63.59675896661634,97.41200715281647,35.0721475020498,48.0697363724088,71.62591507861767
199,45.968639921410265,56.14811690443539,97.40074072035456,35.425191471110885,45.83661312331179,61.39119703268239
200,49.19643217492046,45.458331259920065,97.38707620914546,35.198570325078975,46.491700509359454,56.74544468153387
201,51.66278471473084,51.005209293800206,97.37481506008149,34.53375561000157,46.51312779089297,62.59896615870087
202,46.13602172154286,48.13815346879145,97.35941882636708,34.82447415815192,48.05232041056594,57.0883704510274
203,50.01791090852223,55.705911816078874,97.34608314837361,34.53288223104938,47.940905449450334,62.677452302372124
204,50.46089909988293,58.65596076888221,97.328391482315,34.52276925519741,47.5213579728153,60.46105789307764
205,51.79177993485142,53.91770308406758,97.31288795775531,35.098284280224085,45.83051108467301,66.92402863348552
206,48.03542494931499,54.30652821051315,97.29646574444433,34.48438443268064,47.10024579767153,64.26220872900936
207,48.14348441771345,49.715845802359446,97.28471387017005,33.82757645672135,47.36224627560654,60.68422537018459
208,52.09692553451404,54.827883801166976,97.26765330201248,34.57737993515403,46.264302930439364,59.597635140504494
209,51.90893152919248,50.64328510375053,97.25018938160557,34.8951933985942,46.136750840028085,65.0359304880591
210,52.07085168787964,53.2403356448673,97.23572906861746,35.84176202423416,48.76713969784342,61.61078825361553
211,52.51036703543386,51.58642923351151,97.22040702053854,34.872186780595825,46.824507698846084,60.90483088579753
212,50.697451536543234,51.4511354423836,97.2041426074498,35.376423818562785,48.735900365007446,58.09253809495905
213,52.754197795580765,63.88398431146227,97.19180062957284,35.09715884995268,48.22971968936196,66.29718981426643
214,53.09992586335365,54.25292318178878,97.17715275834671,35.8297014598855,47.70087455827593,67.49436265327246
215,51.300820723732095,70.16282223944484,97.16336192270137,35.79806050358796,47.741556058071446,80.25021404449517
216,56.66822766078104,65.43128690527226,97.15096472240839,35.918110967531675,46.09962726949266,73.18209060231403
217,54.08268184370175,61.016049333698525,97.13718595629037,34.45424846294684,47.679255235145476,67.59122212628012
218,50.94170830109556,52.31010921142233,97.12569770410711,35.407487648138925,48.8452716620145,60.905296521954206
219,54.8174734235533,64.40985320099307,97.11426779638714,35.77173140141428,48.27586370589221,71.44253227539848
220,51.725605355733414,54.59470570851492,97.10226779728583,35.566653361630664,47.70610484773641,60.42130647141983
221,55.41010243192194,62.17682955314007,97.08419213021389,35.779449699389744,49.42424026877468,69.94671848256493
222,56.304272116131074,75.36072504260072,97.06896197527847,35.5337395838847,47.60408744082313,82.00874043610978
223,52.48687933414562,57.83845531709411,97.0511450126888,35.10491108664892,47.10505070500268,69.82261186345067
224,56.18601768785448,68.17527517348891,97.03675296915856,34.71424157282469,48.03941244671389,75.82015616840317
225,55.20556162162039,57.823630787282106,97.02328489281372,35.25529871000007,48.67263421676021,62.57096182745146
226,56.13443316913856,62.196649957669145,97.00837540277195,36.96107143435628,46.26623889926589,72.04485018955906
227,58.383668080138534,73.72474548944258,96.99376768975564,35.44292943315674,48.38637868589458,79.88873832257251
228,54.18842048830912,57.07452080918241,96.98181613392238,34.673131194279264,48.83599763018559,70.60852982695934
229,53.25008532982679,68.22900426756996,96.96619258781313,36.03507596031194,47.777860934597946,79.52159388615335
230,53.046049010612684,62.47881413351369,96.95354448392152,36.12342073950051,49.19834623662102,74.98562404573538
231,53.25006176883913,56.35440141923881,96.93806901838038,36.37241312160865,48.788688515476245,64.04876968303904
232,54.773104758401324,64.02104398239018,96.92225317957907,36.01708582322941,50.38457626126312,78.14102135760508
233,55.64420864419338,66.68967074168185,96.90988231322167,36.24746388689638,47.56872336174458,75.53340583687128
234,55.538815052406086,64.81884431375941,96.89815818028325,36.773190793207085,49.19687430206828,77.84197967849465
235,56.65223481221426,55.09580396967468,96.88125898478232,35.527046776152154,47.43224313656902,63.89923129668732
236,55.0251992442721,57.5034243922891,96.86676217048861,35.43345263595222,46.83538952605143,66.11198914985681
237,57.896481572712354,63.09183079192287,96.85491572745067,35.43115395381422,46.5513636043635,72.87484300609702
238,54.439219389239945,60.11585439809971,96.83670945154164,35.82370349759161,49.071500604074124,69.43616022516957
239,60.376915903904816,70.18882260320319,96.8247134495693,36.79236494847115,48.945555391061255,81.99087709375102
240,56.14491716176383,63.27174629551497,96.80846588220992,36.306207941299576,48.205296457491166,71.14999251311939
241,53.12528039732315,52.35136753680855,96.79046383323688,36.27122518231445,46.87025407797008,65.99999507984253
242,52.63289168632179,60.38198001760958,96.77768269689295,35.13983941096246,47.98860012445098,71.02886587274999
243,55.663842938937236,64.90164310301604,96.76537958726362,35.77836423046585,48.824008295843576,72.41390641437884
244,54.16541840814424,62.98275047092658,96.75331934643742,35.214652459691145,49.618131919037424,73.18331391081706
245,55.94311144401419,67.56291634334444,96.73985944722962,36.774769566320984,48.9117575930728,73.81916022297925
246,55.35378081594482,65.67381167934988,96.72786683606418,37.00312995868204,49.21267376718362,80.66042290668604
247,54.143391258504764,62.45522401670303,96.71180953349086,36.61193423249776,48.59816935678101,62.79986050184004
248,52.46688495468188,57.94571028124219,96.70026787922119,35.73361025145045,50.723230751167605,68.86877482941526
249,50.9920238881912,48.35299965263249,96.68573692770826,36.97589160513076,47.961511072317506,53.5870167719131
250,52.979911176812905,61.01465906989949,96.66765815571047,36.16807121263959,48.39015911801926,68.73073938162797
251,55.42710350237484,62.62410899400983,96.6506327717711,35.754176912159295,48.72045503107773,70.9278836272691
252,53.97417656914321,61.32920148502488,96.63512835439111,35.8874105212313,49.761929695051016,74.38109717858961
253,50.876700026374955,50.14592381687062,96.62200509022648,36.13807218259971,48.137441211004365,58.21562242254082
254,53.52743082421605,54.06964043597652,96.60647674324734,36.44770072260559,49.44154151527448,67.88523426060976
255,53.75550588569257,64.99410413965626,96.59160671407844,36.37566048245949,49.52757531999734,69.20993456818914
256,51.012087149983074,56.482321064031254,96.57764834374595,35.738847098164236,48.636004643766114,69.42828345248621
257,52.873539706319036,62.155880938328714,96.56560557764652,37.10976130018761,49.766185652146426,68.87637636621636
258,52.46038841563313,58.430912342466904,96.54834114090485,36.451602866516076,48.465997753731564,67.4571111148235
259,49.82775265516347,55.51295031432703,96.53430939682823,36.160539361692116,48.32775843719316,63.3667747931631
260,52.59108687182718,63.12595999857685,96.52184068617946,37.14401748406878,49.67733836267626,74.86607579557374
261,52.7512613535583,56.032288973977906,96.50815737876584,36.029565826170106,47.972782255128685,68.63930297959524
262,53.54260929412676,59.972391989290216,96.49409259065477,35.84869404762465,47.561475576273565,70.01694061201111
263,53.2238410672311,56.82622474228712,96.47716960891256,37.32460133930784,50.279548532813735,62.65014285351558
264,48.093833193003434,51.2651112995089,96.461344779204,37.58710142267022,50.691784938381275,58.48579007411709
265,48.699958336667045,52.565204201175746,96.44522473437996,36.449451365724315,49.24419563140748,58.706425451755635
266,51.325920891632535,58.139469848871386,96.4341070720122,36.72690380941591,49.17170697465121,60.03233139704712
267,51.03778046640326,54.31490185435291,96.42021518997888,36.20223434973559,50.88666863996666,67.44343188231312
268,50.74909576158395,62.66666480740533,96.4058963827887,36.80398271154545,48.776934654848596,69.29968041921296
269,57.12801234638467,59.00253276266323,96.39437444968675,36.68906755333017,48.80046774567038,67.61214678653063
270,50.2629658738039,54.913381638975316,96.3816131715007,36.80288026808956,50.715525399922605,68.47160518621772
271,51.08637294981514,54.56398131953484,96.36534584660089,37.100924788045845,50.09162937500676,62.4404938384318
272,50.41306324856627,63.24940414239784,96.35341685283281,36.36712320971307,51.17726863674723,68.16072315657374
273,49.49376612610512,55.97584735600801,96.33882605994395,36.75150082227529,47.99454710500517,64.00519424848248
274,47.24282382704539,57.65124917183805,96.32657392975979,36.02675164651659,48.716610723692796,62.17155694724884
275,49.07048712095171,47.094961602539264,96.315583416564,36.80856366475763,50.236446673472706,58.52313401408562
276,45.683248711927334,52.0944165648211,96.30326214764206,36.91853169522041,50.58817115984161,59.69119675944984
277,46.42913606326076,56.03608293729582,96.2859533124583,37.120928253479455,51.08987116958728,62.592879330707376
278,45.603806320042466,51.08231585753542,96.26988935899813,37.14384536498224,50.44293195841005,58.204904433975926
279,46.408292513843264,56.89217133515261,96.25269200979055,37.51808576307607,50.506903930773866,64.47673108936472
280,50.54248948889451,53.57187940382538,96.23834439360539,36.388304082696756,50.126873141636636,63.21644479739876
281,41.846255548834556,53.54257669963296,96.22714585861604,36.314555318257376,51.89629257136955,59.643387204250715
282,46.620274635282605,63.29479576841026,96.21269722927185,37.423783087725496,49.39558478358798,68.88359373349928
283,41.68901557565293,44.50693561519385,96.19925330672132,36.09585459513209,50.75969061982553,53.69878312682763
284,43.63737169968617,46.25845594820299,96.18308095395257,37.26621068154779,49.521312316402565,55.186984691881015
285,46.42638998931664,58.85180015149588,96.17167069496978,36.6562493800448,51.17757024548451,66.45994601968508
286,44.04513713282618,56.836901987349314,96.15782293864591,38.02708437745098,49.584336544597015,62.24853660670065
287,41.43037952979903,43.41945489734369,96.14638731827155,37.356681896810876,51.336727084394425,56.035418551214235
288,41.82612476925027,44.37253788035434,96.13378239287938,37.15781386168222,50.766888689902025,54.15373979036208
289,44.288727572646025,47.800774258637496,96.1182615863502,37.94819135215928,52.52330100043807,55.586824662964574
290,41.14389900526257,38.99319078400924,96.10471795939789,36.785457481793465,50.45329732288629,50.45648508039552
291,42.71531091505452,42.86819683986182,96.09171256677092,36.93402484668192,51.25642544369918,52.61451385844421
292,42.054318165828846,41.706316350493935,96.07863365426721,36.76008735565988,50.08197326451416,46.574437650109914
293,40.34412847909226,40.987821595692985,96.0652591394985,36.96264231401189,50.57243084793147,51.88194104303773
294,45.62309688613137,50.518905436545396,96.04930398859952,37.53490425797567,51.174442386028296,56.48122511931003
295,42.2949978985964,48.16551577223416,96.03293976083327,37.731400904475805,49.49163001448652,59.79469554720053
296,36.67323968524048,48.50054655878203,96.016692257718,37.91080943796237,49.48257325637244,55.40983626739338
297,40.79754969178564,40.33884056495676,96.00115108117524,36.60960122192641,51.673785790589214,52.77079328249573
298,38.80726759785565,48.04079821222253,95.98882102047568,37.43617752073619,50.918131206403984,54.30343642975633
299,41.54731633839852,45.093740599315254,95.97385938929864,37.03912747948058,50.60349295710394,54.59424354855383
300,38.084234648625944,42.068497727988884,95.96079727903032,37.46861997398534,50.40554085904202,54.902375613636934
301,40.213652917616514,48.05593403596248,95.94876158959892,38.80028658382777,50.557920791804804,55.68042817304882
302,42.08790216082165,41.15072562643478,95.93275237376764,37.83724941341233,51.47518777983288,49.56570963710474
303,42.90491276248745,49.584174022572974,95.9219566664832,38.18330617701144,51.88218324699081,60.21344361190123
304,33.99479470458389,38.6042551572696,95.90629797188095,38.610267556649276,49.12773661151229,49.58934785698534
305,36.7938275852843,43.344286970356634,95.8931813383947,38.26558653536664,52.76664888432842,50.387947693097715
306,35.551327352315354,40.94731805544504,95.87904957241602,37.48931267044124,52.70824058351145,43.91173685356582
307,34.14219306276049,50.21227076928835,95.86489579177503,37.08421685265644,49.04361102833592,55.168186295487715
308,43.108592312309916,44.70973598131,95.8484364618324,37.871556749924224,52.7791844656921,56.42158581256925
309,36.94660298269643,38.396796316875836,95.83419247094933,37.540346152631095,52.61361694081194,45.78165508176879
310,29.553476411726766,29.72149338090592,95.82069949065611,36.98104150286631,51.38704978653935,39.6550764760215
311,37.531055189820506,38.92378683733263,95.81004951898232,38.01342832649204,50.37876303380973,46.67278569393117
312,41.60492957254219,43.04076388851429,95.7961931745556,38.11701709261779,52.86337597884134,46.95709553774173
313,36.4988232893805,46.49933075484943,95.78507643662235,38.822040699472346,51.50373363238406,52.47278573063587
314,25.541967892973005,35.48248556547484,95.77117805821308,37.622247983976195,52.01513788060815,45.51377809304361
315,28.932698417752377,29.293711217644148,95.75835353083768,38.024051170751015,53.83718222449435,32.110751217468355
316,35.18904184333126,34.937157515958035,95.7439805759885,37.67509292030487,52.107508005923556,45.74403643285942
317,26.545927710398164,31.852553015707755,95.7341581474061,38.3447736310027,50.72949313959338,37.233020260447596
318,30.41239899197207,31.03043921411966,95.72383646262179,37.93387708678451,51.47664097483944,42.732157378112724
319,31.003328905461515,37.61280231706813,95.70959507768697,37.44875412915555,51.09065450692286,48.43386444236777
320,23.473728363711686,27.096535508380597,95.69978095032162,37.945370014623094,52.13770156835987,35.85613027471299
321,26.230800509374376,21.5666133243187,95.68980102217073,38.21872345642311,51.030856456531424,31.990446284986167
322,12.803859381963568,21.964036431054275,95.68097599052695,37.97969458443623,51.01126435910927,27.712912929827233
323,20.98572967898122,32.29686578656785,95.66620644474771,38.52773430293265,50.49514151596184,35.99788836473563
324,23.40339759845036,22.939831656967357,95.65249276822723,37.347022777956404,51.77001492243437,38.12682356426515
325,18.77063956986896,18.917758389063366,95.64136859347441,37.610188298540564,51.98987398039812,26.293120343711102
326,29.658861146424847,34.3836171163188,95.62980261610632,38.54477658309414,49.50497778727525,48.14205431592944
327,16.79701665257891,20.335635786133917,95.61884116671249,37.699320760808156,52.11348406105759,27.049411840022387
328,20.16822181799285,25.70185671668954,95.60519410130999,38.262758951935005,51.95934642344301,36.17070090796339
329,21.88610369007946,34.368915682808925,95.5920541893037,36.988418931645306,51.34159116194626,38.45893180530213
330,26.58831302072761,28.65783388556043,95.58137023596207,39.656797981467356,54.3262783148917,39.81411476329991
331,14.566536133252688,12.193553925366276,95.57154255492475,38.01363877622013,52.94547261160233,21.69138829548419
332,24.47737383060536,20.30048589393332,95.56151086314914,38.92413873745322,51.23791872876676,30.19831499924072
333,19.409567272655117,17.911535658796087,95.54858447926564,38.112694596298084,53.0705238977508,30.041211490921242
334,15.01683872551199,16.519741497311003,95.53544760103026,38.45260184524812,53.39500323778642,24.81173684771391
335,20.396911804934494,31.63602465640504,95.52471343601786,39.101913500246646,52.493928276765594,35.10375659977564
336,18.982733278571306,18.50386936989837,95.51546908284773,38.94764400878276,52.73092403530446,30.883558841861316
337,15.456900406257938,18.293273542925537,95.50609521858699,38.23962601625126,52.65205367910933,24.288297145645032
338,17.842348148944545,19.74271679624129,95.49155900534834,38.340008059537325,50.349454585545054,30.912194919975672
339,15.762092207929822,23.455402153829112,95.4809752564477,38.90821466321059,52.2359931693875,34.83572980064826
340,17.533107002811636,32.11589213249215,95.46759062800612,39.629618807184826,52.28708036810032,38.0728534474994
341,19.53929624197407,19.055985293147362,95.45485737088369,38.619230780829135,54.0663345238191,32.699706015188056
342,23.083092188356755,23.200682996694173,95.44325325433677,39.58477820309617,53.12622062921258,34.62251595861054
343,11.672909058676767,18.190703339430655,95.43344416531468,38.34438643067005,52.20257630964362,24.799560222845553
344,25.07863250800112,31.274604679243918,95.4232383436911,39.17215966937491,52.86223423424903,44.23969725179359
345,8.69785173152173,18.89781633037098,95.41144972868871,39.03104565709647,53.53432113357305,23.43280794538296
346,15.896243153762498,20.58213331969926,95.39817849474929,38.41346339538005,52.59230263136755,28.51485399680121
347,18.89131669521459,19.193891429636473,95.38538896215242,38.319830710777396,52.21854396776483,28.514432071894113
348,17.73407676388063,22.65780389110669,95.37333823142835,39.278705745731884,52.656320109995555,33.488729568716245
349,14.22858960958482,21.35306191356434,95.36426319197352,38.41765037552224,53.817553832110235,33.27446734491184
350,16.033120916548533,21.91698970215186,95.34989552989504,38.293321857410525,53.47715853309439,33.89859061573934
351,15.076406762214775,19.287933224664016,95.33656255186789,46.41416635053368,53.04656017621556,29.11687289089709
352,14.909873503451289,21.899899562891648,95.32605319216098,46.51584143333907,53.23883550454837,29.661087037612877
353,20.92023720613225,29.091185959041972,95.31115431861512,47.33211211040483,52.71786464258849,31.979043483577136
354,19.239325196992418,28.28782295184588,95.29857592118738,47.16611121459297,53.08323035546712,32.53568583750954
355,15.363274020084578,20.313853904708857,95.28642198725466,47.23827823268021,52.54759389882802,34.62370439565831
356,22.09036680944928,23.709261608914925,95.27276051773421,47.22204540769078,53.167931719983734,27.877266686514176
357,20.110733605090036,23.078827993377764,95.25890528139654,46.714740922953034,54.79950027177933,30.131737185993895
358,22.554091800433508,31.092646833023462,95.24573796889116,47.42686280496064,52.498750942635816,42.818754672655736
359,22.272753535692964,20.662825573611556,95.23567195495026,47.69531821633804,52.92946493964787,31.61395106361994
360,16.919211254736563,20.642490160738465,95.22476602640539,47.3460397768807,52.253277474706344,32.68196959255516
361,18.50357642321829,18.59283529749463,95.21039306787624,47.3323815996612,52.13419853550894,30.203468576451392
362,24.269467937160545,27.109799600408024,95.19962989907297,46.84051476577207,53.641312123919526,40.95048087984119
363,24.283311454950727,33.37371648520397,95.18799533261745,47.3601582113115,53.26089016184774,42.44191733884798
364,22.343901288049143,25.782052326820786,95.1761532991182,46.845037854596384,55.63200596943366,37.08476530652099
365,23.505170973807296,26.349039378344404,95.16418084591167,47.29056363556681,53.672308583036425,33.60752610126197
366,28.776030738752723,25.174086782603425,95.15075764364924,46.59150714146864,55.4526777855926,37.653474500567704
367,21.948177807197734,28.11813206035581,95.1359750096211,46.52294346561192,54.97645180915657,35.695762915756504
368,27.169905193601696,33.41620445415171,95.12491927026672,47.35202473293051,54.006143000584046,40.80762699809957
369,24.85609018163319,38.43415159611973,95.11472695622014,47.16862151681101,56.30581828753463,48.40270985716384
370,25.492065910046925,26.785626503064915,95.10404252094865,47.53577458538779,54.533295963766214,39.231784512639415
371,31.46866841027735,36.060938760850085,95.08870936996442,47.534645736596595,56.00706931831231,50.20781115797393
372,31.097060469902804,35.79920782955689,95.07489371906243,47.64155130065362,55.929508705678344,49.72856791408468
373,31.780527272569454,43.198963368338994,95.06324436614776,47.97101163026691,55.018063803281876,53.66722163326141
374,34.48692984140433,37.842333272958946,95.04807875765347,47.50566946979065,55.48573874304799,42.00991575593788
375,30.093142163048313,34.83193225446093,95.03302856110808,47.591675226623295,55.27686568001092,49.3672171850275
376,33.484777272004344,40.24479062858752,95.0177618787582,48.50978227046165,53.66028188676842,51.646690969269976
377,30.265594150325867,34.561483560588314,95.00234366060253,47.76552597566741,54.81525817896279,41.40472540827692
378,33.55300572705593,35.04894940175395,94.99078066833286,47.75368984859315,55.98083740575635,46.9364881335027
379,32.483556783135626,37.06329083464223,94.97617212023657,47.89850970140863,56.45069302085574,43.035546801452725
380,34.13614200491516,43.29720542142681,94.96326427945813,47.83135994356896,54.30344458831551,53.320883098453706
381,36.86719616648562,35.83097479903983,94.94771985559413,47.62822179602067,55.68484718680759,42.0894089493067
382,31.944630386810505,36.15888213385717,94.93332248465124,47.4401545372123,55.20920912488185,42.89137655808793
383,44.308715430736655,45.731301959455976,94.9175403461727,47.77291506138605,55.36138739834051,57.576572041313696
384,32.62565440629962,42.2259602627349,94.90353328674722,48.44584440947988,55.53477226141401,53.52455932042653
385,32.49065545754475,28.484793762241956,94.89250726046471,47.722407204503966,55.442717074392476,40.26227667960395
386,42.662923899593665,44.608639540968355,94.87839275104787,48.14248155757577,56.12129528586039,53.36099050262951
387,41.863878878337324,48.401480351252964,94.86146183564965,48.588326325741505,57.04763312730017,50.749361171618865
388,41.84246574557406,54.319248752365105,94.84484265186325,48.12844140077812,56.439401563231925,61.196828852052825
389,42.48851600921983,46.88071092710154,94.83404100490354,48.624008397560125,56.0352467391493,57.60272717399879
390,40.53411095440635,42.26190342698551,94.82256747898953,47.537615143100666,57.58064838545527,50.966049614662744
391,37.579341618753524,51.1606093680402,94.81149856744933,48.22743178451036,56.78730984444294,58.376621994899615
392,42.032672533796934,39.46289997991537,94.79624766227435,48.429938136306205,55.768581737410564,49.42000208693791
393,39.55633434294299,32.95745282016958,94.78061656062961,48.39491437669323,54.61956962793539,43.312110471259956
394,46.67408016395323,54.06016132132581,94.76841404176511,47.693651853539855,55.11239172399813,62.810577259730735
395,42.66581361366677,44.8961884489778,94.75455707761535,49.091543527420406,56.96320685672564,53.63202973545821
396,40.40311727543653,39.78618844260924,94.73870126578362,48.058710286645834,55.381781039010114,54.23944287007052
397,42.840119210065694,51.14191469212531,94.723335869309,48.72012035078222,55.12714809919003,52.8622990505622
398,46.1663873267275,52.514989487442115,94.7089617442973,48.63647795122458,55.52690629311463,59.607741297385964
399,42.6162323554871,44.530976130190915,94.69455280709997,49.11109824723765,55.54110265857392,51.53725870469848
400,41.90529717864869,40.159919316255184,94.68073872750323,49.72232387236683,57.10780658314171,51.16632668883712
401,46.45774748598162,55.98200607026919,94.66798595462464,48.08168397001831,71.28699034879716,64.30858871106106
402,46.716734589153305,55.15848876663031,94.65341481659294,48.43629407820106,70.12912743737519,68.3367172357832
403,43.92738051159421,48.3123212495411,94.63824651098601,48.84345695459344,71.4988663131102,63.28875924684511
404,44.25315454403134,58.403356695828705,94.62182610599068,48.23112065938407,71.74986076876918,63.25406589875779
405,47.21107642290734,47.10632774937739,94.60673436322017,49.24925745032149,71.18699543124637,57.12877767918427
406,40.59915872154931,37.48255050265332,94.59137840190373,49.21067369190177,72.67385984583917,48.694785397205585
407,40.83303941921659,41.91050344972332,94.5799162261567,49.10222012928577,71.1540522968842,49.30156939860997
408,43.623116617130286,48.24219949281172,94.56627764018758,49.01263762469505,72.81703118515107,59.203529025788306
409,45.639619457185674,51.92738553237532,94.55551063828439,49.63944868084267,72.41597136339055,59.95131021104256
410,47.696077176574,51.78946101802279,94.54301504627132,48.43762841681418,72.85748782334163,57.767879697930105
411,52.27553730192748,59.84420731804646,94.52687840302279,49.14676715720019,71.01971527825143,67.49176840202304
412,49.68923891208732,48.952568336922575,94.50914953608503,48.7359371493162,72.18898735960073,56.10687873373358
413,45.46644546965783,57.73709576443055,94.4977923274979,49.51695484832745,71.96116535951498,68.39290619373377
414,45.84122603592099,50.52393970350493,94.48438667246145,48.1909478082856,70.6532302561701,65.29207473532915
415,41.682228968211824,51.90006690039822,94.46868112103806,49.06119150172669,73.10552759884926,60.59095743564457
416,45.357875967189045,52.1112666954319,94.4566303049184,49.32798748304281,71.34333538210831,61.09441885394316
417,43.9820534742038,51.152714400439805,94.44234432233924,48.69598473462617,71.55989377539012,60.175886515815165
418,46.09823717173762,54.069099925313935,94.42669561497232,48.91837854146528,71.2696312795544,66.02162946141362
419,41.13585257969153,47.9450456664105,94.41223952287655,49.194727279381425,72.88526190346113,60.065304059858256
420,46.12722063500553,54.46608117156608,94.40024470989108,49.76945649924582,70.85788690027758,62.45134835860928
421,49.75448040357357,61.92851865463279,94.3868644854475,48.85988259176007,73.16050921257178,70.25148078655822
422,42.731871833188954,48.46246344093952,94.37117279004316,48.87175310731049,73.42647014123912,59.274284340920644
423,44.287985785808324,52.75389188328514,94.35686808883408,49.917113672307295,73.01581800120002,57.647648294137575
424,44.92799431043418,49.471315206824066,94.34617083902769,49.2574322146966,73.26046831315946,62.200475739807466
425,40.02215291184867,51.66964486819033,94.33086618399713,48.96156277375524,73.2102110569335,64.54464215060368
426,41.95770886949524,43.23771501136503,94.32014837100978,49.773708031650884,71.6093069393591,56.47681009750945
427,40.52211432033575,54.02927363159381,94.30489918015135,49.173733216188914,74.00039840927442,57.59106003449854
428,40.25043019696024,44.52191046562299,94.29319971742578,49.95746722062379,72.14743665177531,47.75761304563382
429,36.134772792053475,32.99587203613584,94.27698581654408,49.080161403390946,72.46765556617163,45.749808207873166
430,38.672625743448705,43.6101062339414,94.26432739292979,41.40029210523923,72.3275414539525,50.34204178895661
431,39.89666855208897,40.924373437168896,94.2518453958844,42.0009358609757,73.23844217743998,51.58023252252187
432,43.023331806004265,52.00691975161503,94.2403141781927,41.49221954150319,72.35266271104271,64.81564832251553
433,40.35562875171611,41.57646760539484,94.22793794021644,41.973361092315066,72.92758458678887,49.36143430546387
434,44.41851959996215,47.12299350055071,94.21148027305891,41.653503990608925,71.79721177085287,55.44943475120613
435,32.01288160889154,26.122164799596277,94.19542022567568,42.52103912733338,73.87505165676832,38.130477079220285
436,37.839082683814276,39.7818936079927,94.18282019553898,42.431975542308635,73.60591342646462,45.50080250321032
437,34.343573420177684,26.040129389274867,94.16997134202815,40.96110547008579,72.58804744070356,35.4272496074378
438,41.6245479758684,38.32998363353627,94.15478116684933,42.02549006026204,72.67958740925025,49.06346901325651
439,28.883861317796367,35.89525252271745,94.1396905237199,41.19505592671643,73.46114408585159,43.591609675279976
440,28.008342991920834,35.04938189538842,94.12645035620051,41.71587861427518,72.13295690912167,45.46639737609259
441,28.220167535248116,33.48302951475607,94.11441120219654,41.68748782768385,73.02197034182261,50.72839596217228
442,21.374868171399573,18.91497280813124,94.10275477719499,41.05292951402475,73.9026448325734,29.704366899039282
443,27.02421695720613,29.78835094951913,94.08897900932021,42.224605526123256,72.149469389579,36.710388312942506
444,25.353423044683822,28.15245735419585,94.07945747093292,41.80195281745479,73.32920352046072,41.847371556566145
445,28.262018979864834,25.610419864998214,94.06603618809811,41.63158876686168,73.41358583633144,31.374284262010875
446,28.30755477094293,38.96983014321678,94.05420852950897,41.58555840944234,73.0518898244656,42.67065055567469
447,33.73669755687692,41.872030960519375,94.039245975769,41.98593894823627,72.85831134260238,48.459653963847714
448,29.338360105922703,31.49335702632135,94.02894140890147,42.084037910345984,74.49494786007207,40.21369748068274
449,22.548605916166064,25.188435768490503,94.01617295643406,41.74574119556336,72.52888954171802,32.80325158847399
450,20.59872362769892,23.929384737181007,94.00418048511665,40.392721069027374,71.30592280770135,33.16871554201552
451,25.514486011878603,18.140754559965885,93.99084990255139,41.92116264829942,73.9559681719874,30.439726558587466
452,17.64018234527397,18.36431569325698,93.98143791898694,41.103861704374225,71.92790212059039,31.42636762948579
453,29.642698828547715,29.526410791730694,93.96814464438825,41.92991419960368,74.23116210971153,39.82323322062545
454,26.45332589789144,24.384484281515913,93.95521950084739,41.31451775993355,74.82850302478019,33.11241386170572
455,19.301970457706723,20.041132377466585,93.94287157084526,41.23128073932587,73.95880899212989,32.93723615283285
456,13.795040542972812,24.31625545977296,93.93072831022721,42.504486519118856,74.28526251817667,29.758866049222537
457,25.559099150728635,31.6032133627002,93.91719099018104,41.93334049678873,75.6368220814515,35.49658228324391
458,19.209866329358277,18.488400972595212,93.90345495195272,41.82981691502942,74.4430564524897,32.25056209766145
459,24.173280788315317,29.722114782686702,93.89243178534129,42.37386123623902,74.0057718162749,42.03790771824534
460,12.428983302194968,20.80675862981331,93.87919020871165,41.80113948799669,75.0068176825895,26.754308387677323
461,16.025598897118876,22.429389411362592,93.86745353015412,43.122287029520486,75.28554351176015,29.95133474705107
462,18.093164281577504,20.40166771802032,93.85794441316756,41.99488758386065,75.41156671170674,27.189184394741968
463,17.942764884759264,16.701721538982422,93.84854947372975,42.3417041792629,73.19613943134678,27.929802860833195
464,15.67158938616494,20.90399366380677,93.83775559366569,42.64054450648091,72.31612932308656,35.05366068238265
465,19.715322829954687,23.873341182613952,93.82408966382384,43.04685645525278,73.28826750146375,35.15038290786747
466,12.741195968928562,18.632850510059285,93.81146227340854,41.800114871705105,74.38587749486103,30.56169352958224
467,16.266127592679467,21.249334111387032,93.79808017948203,42.045010161970865,73.9971427731125,32.71187780271856
468,17.177449155037863,24.33381819330541,93.7861468237715,42.934957674972324,73.70884248947429,32.90218693997463
469,18.6516446836451,18.047873590691715,93.77453645593751,42.75480582228102,74.57003073931429,31.41864912301634
470,19.37522909266461,28.11500265335453,93.76454521948791,42.928216404224194,72.61045179110667,38.602139629954955
471,12.002501725039675,14.32411105128386,93.75404710250315,41.62568525409576,74.05124435044273,28.178126331494433
472,10.374403435008093,21.903419290913096,93.74309545983897,43.08961592848713,75.02968974789812,28.218969296246826
473,21.668822474616018,20.63053032579218,93.7332972731372,42.134328565476835,74.8493803187967,25.623853836920787
474,17.971973234461014,28.648678165227373,93.72298236191867,42.58572608758786,74.93096901886756,39.64909022369334
475,13.770508509347433,16.290118927699275,93.71087009914771,42.38244618884433,75.76048804523293,26.835505405847083
476,23.127631215932137,22.440277999630137,93.69719110375611,42.18767304996495,74.42768565160429,31.689610341926826
477,17.580725359454572,17.11471011801125,93.68250748345892,41.86744299868132,73.7243300994333,26.48745472937744
478,22.06616650993697,22.916226247847256,93.66777169085562,41.79906843933261,75.75150003796315,40.41027327797155
479,17.88537283657653,21.993466217094614,93.65507334209113,42.69778979557563,75.65768181613123,29.245263583388187
480,26.159316269428587,31.68008440620926,93.64300878822891,42.0297301989247,75.34307116283865,38.016020858374134
481,25.27266571297184,25.212239661386924,93.62973478425674,42.24218218815113,74.6478089708067,35.48017757218396
482,17.62353836693476,19.459936335289264,93.61624935495074,42.61533513640491,74.63008580201603,32.63412937553725
483,22.90596618682892,36.16242533398034,93.60619989063734,41.51418524267249,73.56040603347378,50.346339464137735
484,22.03266789793127,33.118457959316075,93.59451023407993,43.23997987449097,75.97392656714514,42.873394837207826
485,25.387287861137832,30.38971597185664,93.58001714994991,41.72586523436366,76.08926994536327,35.57800411777459
486,16.54362738151118,18.571825592520085,93.56888243729603,42.78946821505628,73.48462607097855,34.0787787624717
487,23.665822574550337,26.895515049758348,93.55611940394635,42.9724969519154,75.92760676114264,36.191170457485455
488,25.700050641727984,31.623201687794285,93.54309812072106,43.29453161971683,75.57510317426085,37.92544318289612
489,15.001209601251936,11.55404784206568,93.53318428381458,42.87417774282383,73.87806217764677,19.00530282260487
490,17.89660300136003,18.598231758838864,93.52207246406208,43.977403026937026,73.83089788896834,30.966892165349467
491,15.088349133835687,8.42191200154059,93.51131884903586,43.064483677791785,75.37614374341679,20.47168758655885
492,22.803923806362434,27.33380873120688,93.50181439638818,43.62886505671727,74.88641360028396,37.46305787707554
493,27.407035621117224,33.688241499755065,93.49204476047508,42.83937412988161,77.29215991918319,46.29150968124329
494,31.21901446728564,32.27186154104273,93.47707460173127,43.34866362010401,76.58916882866748,39.65482835176239
495,26.19440779991738,36.97483137191392,93.46589206321346,44.01670116451323,76.00952537072976,48.91721054233556
496,33.11493529071433,30.665544230226434,93.45270389007543,43.25787646701589,76.31652706272382,39.597950473942944
497,21.794757971365133,16.89452334491216,93.4416775857508,43.33303875166809,76.83470991950813,34.366592391939825
498,21.226784653668442,24.707575374653686,93.42697676540632,43.74882849437376,76.3833216313374,35.80763427843606
499,28.551921634569855,36.959848884805055,93.41571411511738,43.027164064422735,76.30632408753311,42.517547845428886
500,31.050985544290633,42.92073350650116,93.40323165163323,42.38498461650477,74.9512683900312,44.47052966409762
501,30.129518231250884,31.18282116482295,93.38810866070811,43.609729600324954,79.01583251234374,43.39893474494557
502,22.73920090987781,30.659182955909603,93.37384241443031,43.89542259832717,74.6789932699881,37.95264571873269
503,31.402388559397238,34.699000496271175,93.36283457953628,42.885312945944975,75.77952891968175,43.57298102533088
504,27.290243085862706,29.45935581792113,93.3483928918772,43.864463594926605,74.36397901616589,41.32412129903177
505,35.933543875935605,44.34445954958404,93.33536277415463,44.0274863518088,76.86680447504733,55.69351789360632
506,35.463593037444774,42.66560665589462,93.32221202015016,42.57520576600402,76.51501822840814,54.89633495421252
507,30.973785580573892,26.533356526827525,93.31155601151127,43.206462467505226,77.04449000578197,33.89691841242799
508,33.40586015142026,44.500324139096435,93.30107367286327,43.54317351190547,74.66311017343818,56.55911559043497
509,31.942595571562734,42.392229628029185,93.2866798865581,43.659326933455816,77.52118353452781,48.56516680823145
510,36.635158921239835,37.57791862716328,93.2733529812597,43.4779602514346,75.79161936616758,40.62061688173391
511,41.39940836018526,47.97836028961511,93.26004560130195,43.552489723611686,76.64297705144169,53.12724886314901
512,34.313704728788665,40.59648951895665,93.24543753950975,44.71044701652288,77.56098241054472,49.99400783732076
513,40.933676808641266,46.78523194983205,93.23002371055206,43.95022558620017,77.13927698839115,52.67847818335048
514,37.43880224160731,38.84714338811436,93.21879022841554,43.63406020354925,77.15510662391509,48.30134175128482
515,37.010537970266874,37.76470312727294,93.20470941297121,43.984573331097735,77.65949495901341,48.628627558459264
516,40.35440389198235,44.71045619168983,93.19343896924383,44.3538614749103,77.43942275669819,53.295089522420476
517,37.21885059552366,47.21792353576756,93.1784407798129,44.09409594728846,76.625457615317,53.73504593414863
518,39.6978728023949,46.82674833118872,93.16383762185697,44.03260429662193,76.92446705583663,51.64888503646528
519,37.647582839660835,39.97757593919262,93.14748972057613,43.80970540825968,77.29130616384165,49.57740874393227
520,50.79727728885959,60.299912763085715,93.13600498519286,44.0308937365991,61.62836222511945,62.204513505486275
521,43.550123327357234,34.146312816135435,93.12504693612539,43.98434765666768,63.352512359209385,43.96908079322153
522,41.05109297910088,51.35615403419483,93.1127743030998,44.445173695091874,62.62018672018051,56.51178949599375
523,45.11597198983437,41.43028887259214,93.10035493536702,43.869649533646616,62.57825542761701,51.44929494151385
524,44.18890399840002,47.28657751342881,93.08809722771095,44.57946817171111,63.71816367898347,56.02705341249525
525,44.099662951054114,43.40127602804052,93.07147243694646,45.117992322079225,62.452876245320255,56.42082343594448
526,47.751831470103994,46.58418314373324,93.0589536237831,44.65913115095816,62.550133946950695,61.56814464075619
527,48.60233810357085,59.8067318297491,93.04622420354126,44.35424230709499,62.323441379103166,64.21251656380254
528,43.69227182694834,46.208462690049814,93.03060915777623,43.84632063487692,63.05383516373439,61.68372239323961
529,43.717194372508146,50.30717982255152,93.01704161133785,45.314811319543374,63.06996593950676,56.651295933978545
530,45.09015785795217,49.865572503328714,93.0011889380273,43.99134354256983,62.186420535228656,59.42806992302268
531,37.11585903806592,43.62504751174441,92.99057279258945,44.91101890280886,62.485781794028576,53.85579878445367
532,40.35890735937336,45.22733985460501,92.97701448875398,44.88464254068785,62.15116495226197,61.5874016133062
533,51.94600518009932,51.30282241250084,92.9657034688813,44.650805776219464,62.50351170158749,59.80461195273254
534,53.079776996860446,63.9588640937473,92.954121563558,44.68470725306256,61.562495478178974,66.39283263543577
535,45.48766806360685,48.07307048820105,92.9373667098135,43.81445938393359,62.88371978822665,62.027128413861156
536,48.736494425896446,46.368750979919525,92.92553104879737,44.97607991679476,61.55988156669688,54.34217899272861
537,47.58440365278689,50.730983809378095,92.91111079847848,45.13372922098971,62.8147164232441,59.016902036333086
538,58.52697194999824,72.53376778650293,92.89669593765353,44.47336452117607,63.043114512622346,76.37915965742349
539,50.525023083264074,60.390023247527544,92.88331516300335,44.84996460908441,64.51764574976353,67.3409118955281
540,29.872082408519233,31.44794200409319,92.86805024710047,44.66701219363227,61.881227665945936,38.611595476362076
541,28.544459559399574,29.96977765551849,92.85822653484394,44.95045320736578,62.14514740196751,41.71403948577902
542,27.39355367974243,28.829106610293564,92.84461079958758,44.67280484325773,62.540282471200705,38.78437091334927
543,28.703463635867223,42.27647729099001,92.82906870523404,43.90739227755722,62.43096025757325,47.51870907812142
544,27.243649254715695,32.18039865528632,92.81608820267519,44.46368585408949,64.38656427506335,44.18066470514898
545,26.077746290402327,31.125481891957932,92.80095391952989,44.85347908705054,61.89376501566245,40.880925023670606
546,26.353427115757473,34.433002954334185,92.7910799391113,45.196065577756244,62.71119831448688,37.27894303528667
547,25.418451996385606,29.436670235561017,92.7790854317355,44.482458475248656,63.444618809055974,41.39213652997885
548,27.687141635072564,29.468279976532667,92.76787714455024,45.949132061801095,64.11179759209419,39.666655959798554
549,26.38163975694945,28.331183817852278,92.75394559976104,43.91848806193576,62.86120763677828,42.11347246844634
550,24.992027358683384,27.410912990355662,92.73864978662313,44.5930303228513,61.331661220256706,37.29888814304915
551,25.979944138890026,28.68049341621749,92.72758074566963,44.878182360336965,63.17929410258119,35.76525550904921
552,24.077368307647617,30.3907791711267,92.71429970258413,44.820785942838285,64.67434952541015,38.515210998525376
553,22.638715798671736,25.413858094227315,92.7038015617801,44.31350957207266,63.61134888139058,37.27058762775836
554,24.523124077269657,30.911116027488628,92.6910082193035,45.21177773503494,63.67211158467803,37.32130645834225
555,23.03891004368466,25.195206036884485,92.6789274177998,45.18113067631223,62.378149309733544,33.443056476921846
556,20.962753845673543,23.685124668995503,92.66407049061036,45.01842203067587,62.26321102508154,32.47558476433391
557,21.30966132191639,13.68639804613545,92.65128478135053,45.195566851458004,63.50733148829159,21.76293587064402
558,20.124381746615242,26.942062536418234,92.64008418984382,44.82997752047521,62.077352530117054,33.30955610457192
559,19.117200269035663,22.973776011751813,92.63030005490457,44.248076528981244,64.30487823043359,32.72011143862116
560,20.92617754753164,28.241358935444527,92.62018652809172,44.75557272818685,62.78113907755959,40.385755900820975
561,21.40941664047013,9.30696382066503,92.60961257415848,45.22966854031177,63.667625218482605,22.678895338757474
562,17.60143242618086,29.999020664104595,92.59915108660687,45.205393693815914,61.74227605403119,37.381919238412785
563,19.06296923669057,20.48312878888032,92.58516778340946,45.19663406484329,63.328087208657216,27.70528455658544
564,17.34935743087817,24.81797789577444,92.57297293514799,45.454594495455694,62.53462017579614,36.60973503795588
565,17.012874616235305,13.70366438241157,92.56101801824532,44.914620096518526,61.43842982114525,25.666022929016844
566,16.40760607576113,21.294542942825217,92.55140212750966,45.23945461969169,64.33407027160915,28.19696627885468
567,15.636009230320184,12.106265773376368,92.53767673397057,45.53058652765726,65.46023981600118,25.508159840819832
568,16.048521627944826,14.71284589423745,92.5246820055811,45.238282915168,65.0109292381823,26.658712225510328
569,14.669049883588961,25.869101084432778,92.51543762264605,44.668373784050786,64.57176218641148,31.188499796165306
570,15.270456825779839,16.013762247049755,92.502593199152,44.84831266755892,63.54399253682785,25.560966394003174
571,14.449761890550864,17.142455355399576,92.49072833707108,45.76217259049794,64.78938308526435,25.125598477701026
572,13.76105195313359,19.64039637914776,92.48146258775516,46.062651860768284,65.23668475716774,36.36514131403974
573,12.592436337958402,16.470005370927915,92.47021112085149,45.96652809898139,64.16459491981004,27.289726213710992
574,12.423228669431667,14.555681936197512,92.45882842983505,45.522426404912494,62.88833668777093,24.689477447389066
575,13.255391225825756,16.553017485470857,92.44913266704732,44.84726456737904,63.648277438183406,27.311481401771978
576,12.500917187624381,25.906985912440685,92.43522552587824,45.46433797942793,65.87772400397667,37.363259932069916
577,10.522444755201448,11.403511298389237,92.42202084418757,46.248964237303234,64.09092917450589,20.97715755643628
578,11.099332305429225,13.338086684051754,92.40974296831831,45.81573417480968,60.90822424925179,21.12060791472998
579,11.251387123371789,17.754813228228937,92.39857209474592,45.43503204550864,62.81861815003096,28.98697769154976
580,8.33059471887863,14.783846019099506,92.38789255580109,45.839271537203786,63.82546913842388,22.968362061051394
581,10.043360192379936,17.094440630446275,92.37580037967592,44.9459527995779,65.38712604418897,22.474538555591497
582,8.337376241054153,12.457402489094983,92.3644107287476,45.23722495469171,64.0769989348247,17.83933794421864
583,9.07059866859316,4.363418401451093,92.35554092572852,45.08396328451773,65.47654961503106,19.89274410739811
584,7.236740843457483,16.207980820902684,92.34441220381058,45.86333702182607,63.89093987175623,24.8086665261715
585,5.6951178993354805,0.596181811945983,92.3318726023054,45.992478518350076,62.45656101474445,9.84726687744668
586,5.372457562116837,7.4825746174360965,92.3211666555525,45.58367384983257,63.969612568265426,16.357546473246057
587,6.548084946661382,3.5042706906380805,92.31250623740554,45.27175643583014,64.89138754994612,16.535367695867794
588,6.259722501721482,6.634555491170018,92.30002160791454,45.72402129075851,64.84974202439297,15.679372345754178
589,4.595683374895591,6.750126912512503,92.29070817798217,45.49564530528653,63.33276275199023,11.970979017456864
590,5.638592458777374,7.871888809226226,92.28102692545872,45.386493534534786,64.31796157195956,18.402752095580226
591,2.83847993773104,5.263470368655357,92.27201787207747,45.942074041720595,67.31982863619601,18.403515735191185
592,3.9339202013526835,12.439578791240661,92.26208556297398,45.44001269176095,63.4847487797437,24.162840027179815
593,2.2889838002375433,4.8109868411671695,92.25010200670414,45.04115989052151,65.37939290847088,12.628596418569508
594,2.348163892197841,1.3882878148776912,92.23932075646778,45.18316522320138,62.67376921819614,15.38778099971686
595,2.547398671316414,7.650878809571135,92.23012606298,45.08658074666177,65.69021378470916,17.269032702935064
596,1.1395866347160477,7.213559816529923,92.2176323310322,46.02084975780884,63.94186220885304,19.72220721180333
597,1.1154444557701746,0.0,92.20513198339327,46.001934385924635,65.28555159187604,11.944149981161695
598,2.0062928092144405,5.21621458170978,92.19259550964846,46.02035443939229,63.66866318250824,10.009439699312704
599,0.0,3.5058637115544915,92.18340152859155,46.26386582623997,65.24085280017671,18.044907781768632
